pid,technique,granularity,language,time,accuracy
P01,AUTOCOMPASTE,paragraph,English,16.643,1
P01,AUTOCOMPASTE,paragraph,Latin,25.387,1
P01,AUTOCOMPASTE,phrase,English,13.789,1
P01,AUTOCOMPASTE,phrase,Latin,8.71,1
P01,AUTOCOMPASTE,sentence,English,4.624,1
P01,AUTOCOMPASTE,sentence,Latin,5.596,1
P01,TRADITIONAL,paragraph,English,3.924,1
P01,TRADITIONAL,paragraph,Latin,6.062,1
P01,TRADITIONAL,phrase,English,4.906,1
P01,TRADITIONAL,phrase,Latin,14.141,1
P01,TRADITIONAL,sentence,English,12.444,1
P01,TRADITIONAL,sentence,Latin,6.56,1
P01,AUTOCOMPASTE,paragraph,English,6.191,1
P01,AUTOCOMPASTE,paragraph,Latin,6.759,1
P01,AUTOCOMPASTE,phrase,English,12.565,1
P01,AUTOCOMPASTE,phrase,Latin,11.083,0
P01,AUTOCOMPASTE,sentence,English,5.449,1
P01,AUTOCOMPASTE,sentence,Latin,9.276,1
P01,TRADITIONAL,paragraph,English,14.6,1
P01,TRADITIONAL,paragraph,Latin,13.091,1
P01,TRADITIONAL,phrase,English,46.953,1
P01,TRADITIONAL,phrase,Latin,8.396,1
P01,TRADITIONAL,sentence,English,15.055,1
P01,TRADITIONAL,sentence,Latin,6.711,1
P01,AUTOCOMPASTE,paragraph,English,25.081,1
P01,AUTOCOMPASTE,paragraph,Latin,8.067,1
P01,AUTOCOMPASTE,phrase,English,9.414,1
P01,AUTOCOMPASTE,phrase,Latin,13.479,1
P01,AUTOCOMPASTE,sentence,English,4.042,1
P01,AUTOCOMPASTE,sentence,Latin,4.409,1
P01,TRADITIONAL,paragraph,English,6.355,1
P01,TRADITIONAL,paragraph,Latin,10.639,1
P01,TRADITIONAL,phrase,English,10.169,1
P01,TRADITIONAL,phrase,Latin,14.138,1
P01,TRADITIONAL,sentence,English,11.725,1
P01,TRADITIONAL,sentence,Latin,9.676,1
P01,AUTOCOMPASTE,paragraph,English,13.12,1
P01,AUTOCOMPASTE,paragraph,Latin,14.746,1
P01,AUTOCOMPASTE,phrase,English,10.581,1
P01,AUTOCOMPASTE,phrase,Latin,5.28,1
P01,AUTOCOMPASTE,sentence,English,4.501,1
P01,AUTOCOMPASTE,sentence,Latin,4.826,1
P01,TRADITIONAL,paragraph,English,9.752,1
P01,TRADITIONAL,paragraph,Latin,6.454,1
P01,TRADITIONAL,phrase,English,5.832,1
P01,TRADITIONAL,phrase,Latin,8.606,1
P01,TRADITIONAL,sentence,English,7.782,1
P01,TRADITIONAL,sentence,Latin,14.644,1
P01,AUTOCOMPASTE,paragraph,English,16.585,1
P01,AUTOCOMPASTE,paragraph,Latin,16.274,1
P01,AUTOCOMPASTE,phrase,English,12.837,1
P01,AUTOCOMPASTE,phrase,Latin,7.677,1
P01,AUTOCOMPASTE,sentence,English,4.803,1
P01,AUTOCOMPASTE,sentence,Latin,3.86,1
P01,TRADITIONAL,paragraph,English,8.015,1
P01,TRADITIONAL,paragraph,Latin,41.309,1
P01,TRADITIONAL,phrase,English,9.788,1
P01,TRADITIONAL,phrase,Latin,10.81,1
P01,TRADITIONAL,sentence,English,10.905,1
P01,TRADITIONAL,sentence,Latin,7.207,1
P01,AUTOCOMPASTE,paragraph,English,12.381,1
P01,AUTOCOMPASTE,paragraph,Latin,15.598,1
P01,AUTOCOMPASTE,phrase,English,10.35,1
P01,AUTOCOMPASTE,phrase,Latin,6.965,1
P01,AUTOCOMPASTE,sentence,English,3.474,1
P01,AUTOCOMPASTE,sentence,Latin,4.362,1
P01,TRADITIONAL,paragraph,English,14.332,1
P01,TRADITIONAL,paragraph,Latin,5.524,1
P01,TRADITIONAL,phrase,English,20.147,1
P01,TRADITIONAL,phrase,Latin,6.836,1
P01,TRADITIONAL,sentence,English,13.727,1
P01,TRADITIONAL,sentence,Latin,13.852,1
P02,AUTOCOMPASTE,paragraph,Latin,7.525,1
P02,AUTOCOMPASTE,paragraph,English,8.37,1
P02,AUTOCOMPASTE,phrase,Latin,19.62,1
P02,AUTOCOMPASTE,phrase,English,20.723,1
P02,AUTOCOMPASTE,sentence,Latin,11.272,1
P02,AUTOCOMPASTE,sentence,English,3.948,1
P02,TRADITIONAL,paragraph,Latin,8.077,1
P02,TRADITIONAL,paragraph,English,5.951,1
P02,TRADITIONAL,phrase,Latin,10.44,1
P02,TRADITIONAL,phrase,English,5.996,1
P02,TRADITIONAL,sentence,Latin,5.693,1
P02,TRADITIONAL,sentence,English,8.01,1
P02,AUTOCOMPASTE,paragraph,Latin,8.865,1
P02,AUTOCOMPASTE,paragraph,English,6.12,1
P02,AUTOCOMPASTE,phrase,Latin,7.91,1
P02,AUTOCOMPASTE,phrase,English,13.69,1
P02,AUTOCOMPASTE,sentence,Latin,5.895,1
P02,AUTOCOMPASTE,sentence,English,3.341,1
P02,TRADITIONAL,paragraph,Latin,8.607,1
P02,TRADITIONAL,paragraph,English,4.972,1
P02,TRADITIONAL,phrase,Latin,7.359,1
P02,TRADITIONAL,phrase,English,9.347,1
P02,TRADITIONAL,sentence,Latin,5.939,1
P02,TRADITIONAL,sentence,English,7.784,1
P02,AUTOCOMPASTE,paragraph,Latin,7.964,1
P02,AUTOCOMPASTE,paragraph,English,7.267,1
P02,AUTOCOMPASTE,phrase,Latin,11.959,1
P02,AUTOCOMPASTE,phrase,English,12.61,1
P02,AUTOCOMPASTE,sentence,Latin,7.583,1
P02,AUTOCOMPASTE,sentence,English,4.263,1
P02,TRADITIONAL,paragraph,Latin,9.439,1
P02,TRADITIONAL,paragraph,English,5.017,1
P02,TRADITIONAL,phrase,Latin,5.951,1
P02,TRADITIONAL,phrase,English,6.469,1
P02,TRADITIONAL,sentence,Latin,5.186,1
P02,TRADITIONAL,sentence,English,6.176,1
P02,AUTOCOMPASTE,paragraph,Latin,11.159,1
P02,AUTOCOMPASTE,paragraph,English,5.029,1
P02,AUTOCOMPASTE,phrase,Latin,9.134,1
P02,AUTOCOMPASTE,phrase,English,20.531,1
P02,AUTOCOMPASTE,sentence,Latin,6.94,1
P02,AUTOCOMPASTE,sentence,English,3.723,1
P02,TRADITIONAL,paragraph,Latin,5.748,1
P02,TRADITIONAL,paragraph,English,5.433,1
P02,TRADITIONAL,phrase,Latin,8.426,1
P02,TRADITIONAL,phrase,English,9.056,1
P02,TRADITIONAL,sentence,Latin,6.176,1
P02,TRADITIONAL,sentence,English,9.068,1
P02,AUTOCOMPASTE,paragraph,Latin,13.319,1
P02,AUTOCOMPASTE,paragraph,English,6.367,1
P02,AUTOCOMPASTE,phrase,Latin,21.206,1
P02,AUTOCOMPASTE,phrase,English,7.289,1
P02,AUTOCOMPASTE,sentence,Latin,14.569,1
P02,AUTOCOMPASTE,sentence,English,4.408,1
P02,TRADITIONAL,paragraph,Latin,8.651,1
P02,TRADITIONAL,paragraph,English,4.511,1
P02,TRADITIONAL,phrase,Latin,9.313,1
P02,TRADITIONAL,phrase,English,10.777,1
P02,TRADITIONAL,sentence,Latin,10.349,1
P02,TRADITIONAL,sentence,English,41.219,1
P02,AUTOCOMPASTE,paragraph,Latin,9.258,1
P02,AUTOCOMPASTE,paragraph,English,7.358,1
P02,AUTOCOMPASTE,phrase,Latin,12.737,1
P02,AUTOCOMPASTE,phrase,English,24.69,1
P02,AUTOCOMPASTE,sentence,Latin,5.365,1
P02,AUTOCOMPASTE,sentence,English,6.4,1
P02,TRADITIONAL,paragraph,Latin,4.601,1
P02,TRADITIONAL,paragraph,English,9.744,1
P02,TRADITIONAL,phrase,Latin,6.016,1
P02,TRADITIONAL,phrase,English,5.793,1
P02,TRADITIONAL,sentence,Latin,24.614,1
P02,TRADITIONAL,sentence,English,5.674,1
P03,AUTOCOMPASTE,phrase,English,6.95,0
P03,AUTOCOMPASTE,phrase,Latin,9.478,1
P03,AUTOCOMPASTE,sentence,English,6.138,1
P03,AUTOCOMPASTE,sentence,Latin,7.474,1
P03,AUTOCOMPASTE,paragraph,English,8.925,1
P03,AUTOCOMPASTE,paragraph,Latin,6.325,1
P03,TRADITIONAL,phrase,English,15.917,1
P03,TRADITIONAL,phrase,Latin,15.342,1
P03,TRADITIONAL,sentence,English,13.425,1
P03,TRADITIONAL,sentence,Latin,11.683,1
P03,TRADITIONAL,paragraph,English,4.835,1
P03,TRADITIONAL,paragraph,Latin,4.202,1
P03,AUTOCOMPASTE,phrase,English,13.23,1
P03,AUTOCOMPASTE,phrase,Latin,11.056,1
P03,AUTOCOMPASTE,sentence,English,4.776,1
P03,AUTOCOMPASTE,sentence,Latin,7.404,1
P03,AUTOCOMPASTE,paragraph,English,6.743,1
P03,AUTOCOMPASTE,paragraph,Latin,97.207,1
P03,TRADITIONAL,phrase,English,10.048,1
P03,TRADITIONAL,phrase,Latin,8.406,1
P03,TRADITIONAL,sentence,English,20.165,1
P03,TRADITIONAL,sentence,Latin,19.234,1
P03,TRADITIONAL,paragraph,English,5.846,1
P03,TRADITIONAL,paragraph,Latin,5.291,1
P03,AUTOCOMPASTE,phrase,English,18.137,1
P03,AUTOCOMPASTE,phrase,Latin,48.729,1
P03,AUTOCOMPASTE,sentence,English,6.64,1
P03,AUTOCOMPASTE,sentence,Latin,8.928,1
P03,AUTOCOMPASTE,paragraph,English,6.595,1
P03,AUTOCOMPASTE,paragraph,Latin,11.736,1
P03,TRADITIONAL,phrase,English,7.712,1
P03,TRADITIONAL,phrase,Latin,12.12,0
P03,TRADITIONAL,sentence,English,17.686,1
P03,TRADITIONAL,sentence,Latin,9.818,1
P03,TRADITIONAL,paragraph,English,16.448,1
P03,TRADITIONAL,paragraph,Latin,10.19,1
P03,AUTOCOMPASTE,phrase,English,17.97,1
P03,AUTOCOMPASTE,phrase,Latin,11.048,1
P03,AUTOCOMPASTE,sentence,English,5.227,1
P03,AUTOCOMPASTE,sentence,Latin,5.179,1
P03,AUTOCOMPASTE,paragraph,English,5.827,1
P03,AUTOCOMPASTE,paragraph,Latin,7.162,1
P03,TRADITIONAL,phrase,English,34.721,1
P03,TRADITIONAL,phrase,Latin,5.088,1
P03,TRADITIONAL,sentence,English,14.694,1
P03,TRADITIONAL,sentence,Latin,8.034,0
P03,TRADITIONAL,paragraph,English,48.739,1
P03,TRADITIONAL,paragraph,Latin,7.044,1
P03,AUTOCOMPASTE,phrase,English,11.907,1
P03,AUTOCOMPASTE,phrase,Latin,12.516,1
P03,AUTOCOMPASTE,sentence,English,6.29,1
P03,AUTOCOMPASTE,sentence,Latin,6.906,1
P03,AUTOCOMPASTE,paragraph,English,8.106,1
P03,AUTOCOMPASTE,paragraph,Latin,6.41,1
P03,TRADITIONAL,phrase,English,23.086,1
P03,TRADITIONAL,phrase,Latin,11.417,0
P03,TRADITIONAL,sentence,English,13.307,1
P03,TRADITIONAL,sentence,Latin,17.326,1
P03,TRADITIONAL,paragraph,English,3.8,1
P03,TRADITIONAL,paragraph,Latin,4.255,1
P03,AUTOCOMPASTE,phrase,English,12.931,1
P03,AUTOCOMPASTE,phrase,Latin,13.925,0
P03,AUTOCOMPASTE,sentence,English,4.773,1
P03,AUTOCOMPASTE,sentence,Latin,4.709,1
P03,AUTOCOMPASTE,paragraph,English,5.776,1
P03,AUTOCOMPASTE,paragraph,Latin,8.161,1
P03,TRADITIONAL,phrase,English,4.46,1
P03,TRADITIONAL,phrase,Latin,10.916,1
P03,TRADITIONAL,sentence,English,6.373,1
P03,TRADITIONAL,sentence,Latin,7.869,1
P03,TRADITIONAL,paragraph,English,6.773,1
P03,TRADITIONAL,paragraph,Latin,0.41,0
P04,AUTOCOMPASTE,phrase,Latin,10.969,1
P04,AUTOCOMPASTE,phrase,English,11.628,1
P04,AUTOCOMPASTE,sentence,Latin,6.405,1
P04,AUTOCOMPASTE,sentence,English,4.265,1
P04,AUTOCOMPASTE,paragraph,Latin,15.414,1
P04,AUTOCOMPASTE,paragraph,English,13.648,1
P04,TRADITIONAL,phrase,Latin,7.089,1
P04,TRADITIONAL,phrase,English,13.538,1
P04,TRADITIONAL,sentence,Latin,6.286,1
P04,TRADITIONAL,sentence,English,9.65,1
P04,TRADITIONAL,paragraph,Latin,6.936,1
P04,TRADITIONAL,paragraph,English,5.713,1
P04,AUTOCOMPASTE,phrase,Latin,9.575,1
P04,AUTOCOMPASTE,phrase,English,8.804,1
P04,AUTOCOMPASTE,sentence,Latin,5.001,1
P04,AUTOCOMPASTE,sentence,English,3.787,1
P04,AUTOCOMPASTE,paragraph,Latin,23.688,1
P04,AUTOCOMPASTE,paragraph,English,18.143,1
P04,TRADITIONAL,phrase,Latin,9.481,1
P04,TRADITIONAL,phrase,English,7.25,1
P04,TRADITIONAL,sentence,Latin,7.586,1
P04,TRADITIONAL,sentence,English,15.095,1
P04,TRADITIONAL,paragraph,Latin,12.719,1
P04,TRADITIONAL,paragraph,English,8.772,1
P04,AUTOCOMPASTE,phrase,Latin,17.667,1
P04,AUTOCOMPASTE,phrase,English,9.177,1
P04,AUTOCOMPASTE,sentence,Latin,4.634,1
P04,AUTOCOMPASTE,sentence,English,4.148,1
P04,AUTOCOMPASTE,paragraph,Latin,16.737,1
P04,AUTOCOMPASTE,paragraph,English,11.605,1
P04,TRADITIONAL,phrase,Latin,9.748,1
P04,TRADITIONAL,phrase,English,6.297,1
P04,TRADITIONAL,sentence,Latin,6.997,1
P04,TRADITIONAL,sentence,English,8.494,1
P04,TRADITIONAL,paragraph,Latin,4.348,1
P04,TRADITIONAL,paragraph,English,8.13,1
P04,AUTOCOMPASTE,phrase,Latin,9.967,1
P04,AUTOCOMPASTE,phrase,English,8.599,1
P04,AUTOCOMPASTE,sentence,Latin,5.706,1
P04,AUTOCOMPASTE,sentence,English,4.714,1
P04,AUTOCOMPASTE,paragraph,Latin,10.314,1
P04,AUTOCOMPASTE,paragraph,English,8.294,1
P04,TRADITIONAL,phrase,Latin,15.573,1
P04,TRADITIONAL,phrase,English,3.738,1
P04,TRADITIONAL,sentence,Latin,16.031,1
P04,TRADITIONAL,sentence,English,4.642,1
P04,TRADITIONAL,paragraph,Latin,13.055,1
P04,TRADITIONAL,paragraph,English,11.331,1
P04,AUTOCOMPASTE,phrase,Latin,11.04,1
P04,AUTOCOMPASTE,phrase,English,11.429,1
P04,AUTOCOMPASTE,sentence,Latin,8.159,1
P04,AUTOCOMPASTE,sentence,English,2.79,1
P04,AUTOCOMPASTE,paragraph,Latin,19.558,1
P04,AUTOCOMPASTE,paragraph,English,12.051,1
P04,TRADITIONAL,phrase,Latin,5.229,1
P04,TRADITIONAL,phrase,English,14.445,1
P04,TRADITIONAL,sentence,Latin,16.001,1
P04,TRADITIONAL,sentence,English,4.236,1
P04,TRADITIONAL,paragraph,Latin,4.872,1
P04,TRADITIONAL,paragraph,English,8.943,1
P04,AUTOCOMPASTE,phrase,Latin,7.235,1
P04,AUTOCOMPASTE,phrase,English,10.364,1
P04,AUTOCOMPASTE,sentence,Latin,8.684,1
P04,AUTOCOMPASTE,sentence,English,4.635,1
P04,AUTOCOMPASTE,paragraph,Latin,12.775,1
P04,AUTOCOMPASTE,paragraph,English,10.523,1
P04,TRADITIONAL,phrase,Latin,9.215,1
P04,TRADITIONAL,phrase,English,13.666,1
P04,TRADITIONAL,sentence,Latin,15.287,1
P04,TRADITIONAL,sentence,English,27.099,1
P04,TRADITIONAL,paragraph,Latin,3.9,1
P04,TRADITIONAL,paragraph,English,13.609,1
P05,AUTOCOMPASTE,sentence,English,5.409,1
P05,AUTOCOMPASTE,sentence,Latin,5.884,1
P05,AUTOCOMPASTE,paragraph,English,5.321,1
P05,AUTOCOMPASTE,paragraph,Latin,21.577,1
P05,AUTOCOMPASTE,phrase,English,6.783,1
P05,AUTOCOMPASTE,phrase,Latin,10.518,1
P05,TRADITIONAL,sentence,English,6.851,1
P05,TRADITIONAL,sentence,Latin,19.755,1
P05,TRADITIONAL,paragraph,English,12.296,1
P05,TRADITIONAL,paragraph,Latin,5.512,1
P05,TRADITIONAL,phrase,English,5.68,1
P05,TRADITIONAL,phrase,Latin,8.955,1
P05,AUTOCOMPASTE,sentence,English,5.816,1
P05,AUTOCOMPASTE,sentence,Latin,3.893,1
P05,AUTOCOMPASTE,paragraph,English,6.378,1
P05,AUTOCOMPASTE,paragraph,Latin,5.238,1
P05,AUTOCOMPASTE,phrase,English,8.329,1
P05,AUTOCOMPASTE,phrase,Latin,10.721,1
P05,TRADITIONAL,sentence,English,8.518,1
P05,TRADITIONAL,sentence,Latin,11.856,1
P05,TRADITIONAL,paragraph,English,5.053,1
P05,TRADITIONAL,paragraph,Latin,7.075,1
P05,TRADITIONAL,phrase,English,5.49,1
P05,TRADITIONAL,phrase,Latin,17.426,1
P05,AUTOCOMPASTE,sentence,English,8.718,1
P05,AUTOCOMPASTE,sentence,Latin,13.128,1
P05,AUTOCOMPASTE,paragraph,English,9.563,1
P05,AUTOCOMPASTE,paragraph,Latin,8.305,1
P05,AUTOCOMPASTE,phrase,English,10.256,1
P05,AUTOCOMPASTE,phrase,Latin,10.315,1
P05,TRADITIONAL,sentence,English,19.946,1
P05,TRADITIONAL,sentence,Latin,6.997,1
P05,TRADITIONAL,paragraph,English,7.088,1
P05,TRADITIONAL,paragraph,Latin,6.256,1
P05,TRADITIONAL,phrase,English,12.723,1
P05,TRADITIONAL,phrase,Latin,9.527,1
P05,AUTOCOMPASTE,sentence,English,5.332,1
P05,AUTOCOMPASTE,sentence,Latin,4.039,1
P05,AUTOCOMPASTE,paragraph,English,6.412,1
P05,AUTOCOMPASTE,paragraph,Latin,11.116,1
P05,AUTOCOMPASTE,phrase,English,11.377,1
P05,AUTOCOMPASTE,phrase,Latin,8.175,1
P05,TRADITIONAL,sentence,English,8.605,1
P05,TRADITIONAL,sentence,Latin,9.35,1
P05,TRADITIONAL,paragraph,English,4.385,1
P05,TRADITIONAL,paragraph,Latin,4.927,1
P05,TRADITIONAL,phrase,English,6.322,1
P05,TRADITIONAL,phrase,Latin,5.962,1
P05,AUTOCOMPASTE,sentence,English,4.106,1
P05,AUTOCOMPASTE,sentence,Latin,5.546,1
P05,AUTOCOMPASTE,paragraph,English,6.131,1
P05,AUTOCOMPASTE,paragraph,Latin,9.393,1
P05,AUTOCOMPASTE,phrase,English,11.354,1
P05,AUTOCOMPASTE,phrase,Latin,9.638,1
P05,TRADITIONAL,sentence,English,16.002,1
P05,TRADITIONAL,sentence,Latin,13.27,1
P05,TRADITIONAL,paragraph,English,6.38,1
P05,TRADITIONAL,paragraph,Latin,4.444,1
P05,TRADITIONAL,phrase,English,11.969,1
P05,TRADITIONAL,phrase,Latin,16.708,1
P05,AUTOCOMPASTE,sentence,English,4.79,1
P05,AUTOCOMPASTE,sentence,Latin,9.798,1
P05,AUTOCOMPASTE,paragraph,English,7.369,1
P05,AUTOCOMPASTE,paragraph,Latin,8.567,1
P05,AUTOCOMPASTE,phrase,English,9.319,1
P05,AUTOCOMPASTE,phrase,Latin,14.208,1
P05,TRADITIONAL,sentence,English,10.304,1
P05,TRADITIONAL,sentence,Latin,16.56,1
P05,TRADITIONAL,paragraph,English,5.095,1
P05,TRADITIONAL,paragraph,Latin,4.5,1
P05,TRADITIONAL,phrase,English,4.871,1
P05,TRADITIONAL,phrase,Latin,9.186,1
P06,AUTOCOMPASTE,sentence,Latin,6.447,1
P06,AUTOCOMPASTE,sentence,English,3.796,1
P06,AUTOCOMPASTE,paragraph,Latin,9.76,1
P06,AUTOCOMPASTE,paragraph,English,19.104,1
P06,AUTOCOMPASTE,phrase,Latin,17.949,1
P06,AUTOCOMPASTE,phrase,English,6.503,1
P06,TRADITIONAL,sentence,Latin,25.831,1
P06,TRADITIONAL,sentence,English,23.596,1
P06,TRADITIONAL,paragraph,Latin,25.275,1
P06,TRADITIONAL,paragraph,English,12.53,1
P06,TRADITIONAL,phrase,Latin,8.759,1
P06,TRADITIONAL,phrase,English,18.813,1
P06,AUTOCOMPASTE,sentence,Latin,7.073,1
P06,AUTOCOMPASTE,sentence,English,3.886,1
P06,AUTOCOMPASTE,paragraph,Latin,5.406,1
P06,AUTOCOMPASTE,paragraph,English,12.407,1
P06,AUTOCOMPASTE,phrase,Latin,7.738,1
P06,AUTOCOMPASTE,phrase,English,9.68,1
P06,TRADITIONAL,sentence,Latin,21.886,1
P06,TRADITIONAL,sentence,English,13.72,1
P06,TRADITIONAL,paragraph,Latin,19.078,1
P06,TRADITIONAL,paragraph,English,32.425,1
P06,TRADITIONAL,phrase,Latin,20.472,1
P06,TRADITIONAL,phrase,English,25.128,1
P06,AUTOCOMPASTE,sentence,Latin,14.808,1
P06,AUTOCOMPASTE,sentence,English,11.72,1
P06,AUTOCOMPASTE,paragraph,Latin,7.327,1
P06,AUTOCOMPASTE,paragraph,English,15.261,1
P06,AUTOCOMPASTE,phrase,Latin,14.085,1
P06,AUTOCOMPASTE,phrase,English,15.108,1
P06,TRADITIONAL,sentence,Latin,24.12,1
P06,TRADITIONAL,sentence,English,18.883,1
P06,TRADITIONAL,paragraph,Latin,5.199,1
P06,TRADITIONAL,paragraph,English,6.506,1
P06,TRADITIONAL,phrase,Latin,19.974,1
P06,TRADITIONAL,phrase,English,6.622,1
P06,AUTOCOMPASTE,sentence,Latin,10.226,1
P06,AUTOCOMPASTE,sentence,English,4.811,1
P06,AUTOCOMPASTE,paragraph,Latin,19.271,0
P06,AUTOCOMPASTE,paragraph,English,13.518,1
P06,AUTOCOMPASTE,phrase,Latin,7.82,1
P06,AUTOCOMPASTE,phrase,English,6.575,1
P06,TRADITIONAL,sentence,Latin,8.023,1
P06,TRADITIONAL,sentence,English,5.446,1
P06,TRADITIONAL,paragraph,Latin,9.141,1
P06,TRADITIONAL,paragraph,English,9.735,1
P06,TRADITIONAL,phrase,Latin,8.698,1
P06,TRADITIONAL,phrase,English,8.191,1
P06,AUTOCOMPASTE,sentence,Latin,5.099,1
P06,AUTOCOMPASTE,sentence,English,12.459,1
P06,AUTOCOMPASTE,paragraph,Latin,7.157,1
P06,AUTOCOMPASTE,paragraph,English,6.177,1
P06,AUTOCOMPASTE,phrase,Latin,16.671,1
P06,AUTOCOMPASTE,phrase,English,19.658,1
P06,TRADITIONAL,sentence,Latin,14.378,1
P06,TRADITIONAL,sentence,English,13.083,1
P06,TRADITIONAL,paragraph,Latin,17.202,1
P06,TRADITIONAL,paragraph,English,6.234,1
P06,TRADITIONAL,phrase,Latin,5.5,1
P06,TRADITIONAL,phrase,English,6.257,1
P06,AUTOCOMPASTE,sentence,Latin,6.189,1
P06,AUTOCOMPASTE,sentence,English,4.884,1
P06,AUTOCOMPASTE,paragraph,Latin,8.046,1
P06,AUTOCOMPASTE,paragraph,English,7.333,1
P06,AUTOCOMPASTE,phrase,Latin,6.359,1
P06,AUTOCOMPASTE,phrase,English,5.685,1
P06,TRADITIONAL,sentence,Latin,17.777,1
P06,TRADITIONAL,sentence,English,13.938,1
P06,TRADITIONAL,paragraph,Latin,6.225,1
P06,TRADITIONAL,paragraph,English,25.964,1
P06,TRADITIONAL,phrase,Latin,5.108,1
P06,TRADITIONAL,phrase,English,5.994,1
P07,TRADITIONAL,paragraph,English,15.614,1
P07,TRADITIONAL,paragraph,Latin,5.152,1
P07,TRADITIONAL,phrase,English,16.222,1
P07,TRADITIONAL,phrase,Latin,4.736,1
P07,TRADITIONAL,sentence,English,8.593,1
P07,TRADITIONAL,sentence,Latin,5.355,1
P07,AUTOCOMPASTE,paragraph,English,6.458,1
P07,AUTOCOMPASTE,paragraph,Latin,6.03,1
P07,AUTOCOMPASTE,phrase,English,9.551,1
P07,AUTOCOMPASTE,phrase,Latin,10.374,1
P07,AUTOCOMPASTE,sentence,English,3.699,1
P07,AUTOCOMPASTE,sentence,Latin,3.635,1
P07,TRADITIONAL,paragraph,English,4.083,1
P07,TRADITIONAL,paragraph,Latin,4.522,1
P07,TRADITIONAL,phrase,English,5.458,1
P07,TRADITIONAL,phrase,Latin,5.207,1
P07,TRADITIONAL,sentence,English,5.501,1
P07,TRADITIONAL,sentence,Latin,6.942,1
P07,AUTOCOMPASTE,paragraph,English,6.095,1
P07,AUTOCOMPASTE,paragraph,Latin,9.654,1
P07,AUTOCOMPASTE,phrase,English,8.896,1
P07,AUTOCOMPASTE,phrase,Latin,10.075,1
P07,AUTOCOMPASTE,sentence,English,3.164,1
P07,AUTOCOMPASTE,sentence,Latin,5.377,1
P07,TRADITIONAL,paragraph,English,5.073,1
P07,TRADITIONAL,paragraph,Latin,3.893,1
P07,TRADITIONAL,phrase,English,11.891,1
P07,TRADITIONAL,phrase,Latin,5.5,1
P07,TRADITIONAL,sentence,English,7.638,1
P07,TRADITIONAL,sentence,Latin,13.432,1
P07,AUTOCOMPASTE,paragraph,English,4.95,1
P07,AUTOCOMPASTE,paragraph,Latin,7.032,1
P07,AUTOCOMPASTE,phrase,English,11.069,1
P07,AUTOCOMPASTE,phrase,Latin,7.3,1
P07,AUTOCOMPASTE,sentence,English,4.197,1
P07,AUTOCOMPASTE,sentence,Latin,4.445,1
P07,TRADITIONAL,paragraph,English,4.668,1
P07,TRADITIONAL,paragraph,Latin,4.016,1
P07,TRADITIONAL,phrase,English,6.402,1
P07,TRADITIONAL,phrase,Latin,5.637,1
P07,TRADITIONAL,sentence,English,4.105,1
P07,TRADITIONAL,sentence,Latin,18.721,1
P07,AUTOCOMPASTE,paragraph,English,4.86,1
P07,AUTOCOMPASTE,paragraph,Latin,10.62,1
P07,AUTOCOMPASTE,phrase,English,26.022,1
P07,AUTOCOMPASTE,phrase,Latin,13.816,1
P07,AUTOCOMPASTE,sentence,English,4.62,1
P07,AUTOCOMPASTE,sentence,Latin,5.175,1
P07,TRADITIONAL,paragraph,English,6.489,0
P07,TRADITIONAL,paragraph,Latin,10.847,1
P07,TRADITIONAL,phrase,English,5.377,1
P07,TRADITIONAL,phrase,Latin,12.502,1
P07,TRADITIONAL,sentence,English,8.785,1
P07,TRADITIONAL,sentence,Latin,5.161,1
P07,AUTOCOMPASTE,paragraph,English,8.909,1
P07,AUTOCOMPASTE,paragraph,Latin,8.225,1
P07,AUTOCOMPASTE,phrase,English,13.7,1
P07,AUTOCOMPASTE,phrase,Latin,14.659,1
P07,AUTOCOMPASTE,sentence,English,4.352,1
P07,AUTOCOMPASTE,sentence,Latin,6.708,1
P07,TRADITIONAL,paragraph,English,5.07,1
P07,TRADITIONAL,paragraph,Latin,4.357,1
P07,TRADITIONAL,phrase,English,3.696,1
P07,TRADITIONAL,phrase,Latin,3.612,1
P07,TRADITIONAL,sentence,English,5.602,1
P07,TRADITIONAL,sentence,Latin,13.917,1
P07,AUTOCOMPASTE,paragraph,English,6.186,1
P07,AUTOCOMPASTE,paragraph,Latin,7.019,1
P07,AUTOCOMPASTE,phrase,English,15.256,1
P07,AUTOCOMPASTE,phrase,Latin,10.337,1
P07,AUTOCOMPASTE,sentence,English,3.847,1
P07,AUTOCOMPASTE,sentence,Latin,5.299,1
P08,TRADITIONAL,paragraph,Latin,7.863,1
P08,TRADITIONAL,paragraph,English,15.558,1
P08,TRADITIONAL,phrase,Latin,18.429,1
P08,TRADITIONAL,phrase,English,13.094,1
P08,TRADITIONAL,sentence,Latin,39.629,1
P08,TRADITIONAL,sentence,English,8.999,1
P08,AUTOCOMPASTE,paragraph,Latin,9,1
P08,AUTOCOMPASTE,paragraph,English,6.537,1
P08,AUTOCOMPASTE,phrase,Latin,24.416,1
P08,AUTOCOMPASTE,phrase,English,15.198,1
P08,AUTOCOMPASTE,sentence,Latin,10.867,1
P08,AUTOCOMPASTE,sentence,English,5.406,1
P08,TRADITIONAL,paragraph,Latin,6.786,1
P08,TRADITIONAL,paragraph,English,6.336,1
P08,TRADITIONAL,phrase,Latin,8.833,1
P08,TRADITIONAL,phrase,English,21.975,1
P08,TRADITIONAL,sentence,Latin,8.063,1
P08,TRADITIONAL,sentence,English,10.537,1
P08,AUTOCOMPASTE,paragraph,Latin,15.669,1
P08,AUTOCOMPASTE,paragraph,English,22.232,1
P08,AUTOCOMPASTE,phrase,Latin,16.157,1
P08,AUTOCOMPASTE,phrase,English,10.703,1
P08,AUTOCOMPASTE,sentence,Latin,7.491,1
P08,AUTOCOMPASTE,sentence,English,4.743,1
P08,TRADITIONAL,paragraph,Latin,5.964,1
P08,TRADITIONAL,paragraph,English,12.092,1
P08,TRADITIONAL,phrase,Latin,11.315,1
P08,TRADITIONAL,phrase,English,4.828,1
P08,TRADITIONAL,sentence,Latin,9.588,1
P08,TRADITIONAL,sentence,English,24.484,1
P08,AUTOCOMPASTE,paragraph,Latin,25.706,1
P08,AUTOCOMPASTE,paragraph,English,13.536,1
P08,AUTOCOMPASTE,phrase,Latin,11.963,1
P08,AUTOCOMPASTE,phrase,English,9.996,1
P08,AUTOCOMPASTE,sentence,Latin,5.432,1
P08,AUTOCOMPASTE,sentence,English,5.29,1
P08,TRADITIONAL,paragraph,Latin,14.652,1
P08,TRADITIONAL,paragraph,English,6.986,1
P08,TRADITIONAL,phrase,Latin,9.474,1
P08,TRADITIONAL,phrase,English,14.588,1
P08,TRADITIONAL,sentence,Latin,5.352,1
P08,TRADITIONAL,sentence,English,9.423,1
P08,AUTOCOMPASTE,paragraph,Latin,14.657,1
P08,AUTOCOMPASTE,paragraph,English,19.016,1
P08,AUTOCOMPASTE,phrase,Latin,10.248,1
P08,AUTOCOMPASTE,phrase,English,22.144,1
P08,AUTOCOMPASTE,sentence,Latin,7.576,1
P08,AUTOCOMPASTE,sentence,English,3.646,1
P08,TRADITIONAL,paragraph,Latin,7.336,1
P08,TRADITIONAL,paragraph,English,7.586,1
P08,TRADITIONAL,phrase,Latin,8.153,1
P08,TRADITIONAL,phrase,English,9.14,1
P08,TRADITIONAL,sentence,Latin,15.6,1
P08,TRADITIONAL,sentence,English,12.545,1
P08,AUTOCOMPASTE,paragraph,Latin,28.444,1
P08,AUTOCOMPASTE,paragraph,English,16.132,1
P08,AUTOCOMPASTE,phrase,Latin,11.869,1
P08,AUTOCOMPASTE,phrase,English,11.457,1
P08,AUTOCOMPASTE,sentence,Latin,4.426,1
P08,AUTOCOMPASTE,sentence,English,7.176,1
P08,TRADITIONAL,paragraph,Latin,18.648,1
P08,TRADITIONAL,paragraph,English,11.76,1
P08,TRADITIONAL,phrase,Latin,19.493,1
P08,TRADITIONAL,phrase,English,5.614,1
P08,TRADITIONAL,sentence,Latin,14.173,1
P08,TRADITIONAL,sentence,English,12.805,1
P08,AUTOCOMPASTE,paragraph,Latin,17.079,1
P08,AUTOCOMPASTE,paragraph,English,16.098,1
P08,AUTOCOMPASTE,phrase,Latin,14.398,1
P08,AUTOCOMPASTE,phrase,English,19.421,1
P08,AUTOCOMPASTE,sentence,Latin,6.365,1
P08,AUTOCOMPASTE,sentence,English,5.526,1
P09,TRADITIONAL,phrase,English,10.737,1
P09,TRADITIONAL,phrase,Latin,27.488,1
P09,TRADITIONAL,sentence,English,8.387,1
P09,TRADITIONAL,sentence,Latin,17.192,1
P09,TRADITIONAL,paragraph,English,59.216,1
P09,TRADITIONAL,paragraph,Latin,7.52,1
P09,AUTOCOMPASTE,phrase,English,6.306,1
P09,AUTOCOMPASTE,phrase,Latin,18.123,1
P09,AUTOCOMPASTE,sentence,English,10.161,1
P09,AUTOCOMPASTE,sentence,Latin,5.459,1
P09,AUTOCOMPASTE,paragraph,English,28.9,1
P09,AUTOCOMPASTE,paragraph,Latin,21.712,1
P09,TRADITIONAL,phrase,English,7.667,1
P09,TRADITIONAL,phrase,Latin,10.548,1
P09,TRADITIONAL,sentence,English,17.2,1
P09,TRADITIONAL,sentence,Latin,17.618,1
P09,TRADITIONAL,paragraph,English,7.496,1
P09,TRADITIONAL,paragraph,Latin,7.745,1
P09,AUTOCOMPASTE,phrase,English,8.029,1
P09,AUTOCOMPASTE,phrase,Latin,7.021,1
P09,AUTOCOMPASTE,sentence,English,5.182,1
P09,AUTOCOMPASTE,sentence,Latin,4.901,1
P09,AUTOCOMPASTE,paragraph,English,14.513,1
P09,AUTOCOMPASTE,paragraph,Latin,12.51,1
P09,TRADITIONAL,phrase,English,22.639,1
P09,TRADITIONAL,phrase,Latin,12.239,1
P09,TRADITIONAL,sentence,English,5.081,1
P09,TRADITIONAL,sentence,Latin,28.127,1
P09,TRADITIONAL,paragraph,English,14.45,1
P09,TRADITIONAL,paragraph,Latin,5.36,1
P09,AUTOCOMPASTE,phrase,English,6.301,1
P09,AUTOCOMPASTE,phrase,Latin,7.254,1
P09,AUTOCOMPASTE,sentence,English,4.657,1
P09,AUTOCOMPASTE,sentence,Latin,6.669,1
P09,AUTOCOMPASTE,paragraph,English,9.892,1
P09,AUTOCOMPASTE,paragraph,Latin,17.722,1
P09,TRADITIONAL,phrase,English,11.049,1
P09,TRADITIONAL,phrase,Latin,11.799,1
P09,TRADITIONAL,sentence,English,17.743,1
P09,TRADITIONAL,sentence,Latin,10.612,1
P09,TRADITIONAL,paragraph,English,7.196,1
P09,TRADITIONAL,paragraph,Latin,8.562,1
P09,AUTOCOMPASTE,phrase,English,7.759,1
P09,AUTOCOMPASTE,phrase,Latin,6.687,1
P09,AUTOCOMPASTE,sentence,English,4.706,1
P09,AUTOCOMPASTE,sentence,Latin,4.077,1
P09,AUTOCOMPASTE,paragraph,English,9.546,1
P09,AUTOCOMPASTE,paragraph,Latin,16.27,1
P09,TRADITIONAL,phrase,English,27.669,1
P09,TRADITIONAL,phrase,Latin,13.147,1
P09,TRADITIONAL,sentence,English,23.139,1
P09,TRADITIONAL,sentence,Latin,5.608,1
P09,TRADITIONAL,paragraph,English,16.159,1
P09,TRADITIONAL,paragraph,Latin,6.626,1
P09,AUTOCOMPASTE,phrase,English,5.025,1
P09,AUTOCOMPASTE,phrase,Latin,8.385,1
P09,AUTOCOMPASTE,sentence,English,3.969,1
P09,AUTOCOMPASTE,sentence,Latin,7.276,1
P09,AUTOCOMPASTE,paragraph,English,11.34,1
P09,AUTOCOMPASTE,paragraph,Latin,19.427,1
P09,TRADITIONAL,phrase,English,6.804,1
P09,TRADITIONAL,phrase,Latin,8.284,1
P09,TRADITIONAL,sentence,English,18.801,1
P09,TRADITIONAL,sentence,Latin,15.787,1
P09,TRADITIONAL,paragraph,English,9.724,1
P09,TRADITIONAL,paragraph,Latin,7.76,1
P09,AUTOCOMPASTE,phrase,English,5.842,1
P09,AUTOCOMPASTE,phrase,Latin,9.731,1
P09,AUTOCOMPASTE,sentence,English,3.362,1
P09,AUTOCOMPASTE,sentence,Latin,4.152,1
P09,AUTOCOMPASTE,paragraph,English,26.99,1
P09,AUTOCOMPASTE,paragraph,Latin,6.966,1
P10,TRADITIONAL,phrase,Latin,14.535,1
P10,TRADITIONAL,phrase,English,11.506,1
P10,TRADITIONAL,sentence,Latin,14.537,1
P10,TRADITIONAL,sentence,English,5.361,1
P10,TRADITIONAL,paragraph,Latin,5.343,1
P10,TRADITIONAL,paragraph,English,4.127,1
P10,AUTOCOMPASTE,phrase,Latin,18.204,1
P10,AUTOCOMPASTE,phrase,English,26.159,1
P10,AUTOCOMPASTE,sentence,Latin,11.326,1
P10,AUTOCOMPASTE,sentence,English,8.536,1
P10,AUTOCOMPASTE,paragraph,Latin,10.594,1
P10,AUTOCOMPASTE,paragraph,English,6.909,1
P10,TRADITIONAL,phrase,Latin,6.739,1
P10,TRADITIONAL,phrase,English,9.027,1
P10,TRADITIONAL,sentence,Latin,13.703,1
P10,TRADITIONAL,sentence,English,8.899,1
P10,TRADITIONAL,paragraph,Latin,3.882,1
P10,TRADITIONAL,paragraph,English,6.249,1
P10,AUTOCOMPASTE,phrase,Latin,22.051,1
P10,AUTOCOMPASTE,phrase,English,10.215,1
P10,AUTOCOMPASTE,sentence,Latin,5.249,1
P10,AUTOCOMPASTE,sentence,English,10.202,1
P10,AUTOCOMPASTE,paragraph,Latin,9.865,1
P10,AUTOCOMPASTE,paragraph,English,5.814,1
P10,TRADITIONAL,phrase,Latin,18.202,1
P10,TRADITIONAL,phrase,English,10.342,1
P10,TRADITIONAL,sentence,Latin,11.026,1
P10,TRADITIONAL,sentence,English,5.466,1
P10,TRADITIONAL,paragraph,Latin,5.037,1
P10,TRADITIONAL,paragraph,English,5.481,1
P10,AUTOCOMPASTE,phrase,Latin,12.193,1
P10,AUTOCOMPASTE,phrase,English,16.341,1
P10,AUTOCOMPASTE,sentence,Latin,5.014,1
P10,AUTOCOMPASTE,sentence,English,3.255,1
P10,AUTOCOMPASTE,paragraph,Latin,4.784,1
P10,AUTOCOMPASTE,paragraph,English,5.868,1
P10,TRADITIONAL,phrase,Latin,12.49,1
P10,TRADITIONAL,phrase,English,5.418,1
P10,TRADITIONAL,sentence,Latin,19.018,1
P10,TRADITIONAL,sentence,English,4.27,1
P10,TRADITIONAL,paragraph,Latin,11.894,1
P10,TRADITIONAL,paragraph,English,11.821,1
P10,AUTOCOMPASTE,phrase,Latin,15.257,1
P10,AUTOCOMPASTE,phrase,English,24.828,1
P10,AUTOCOMPASTE,sentence,Latin,6.474,1
P10,AUTOCOMPASTE,sentence,English,4.878,1
P10,AUTOCOMPASTE,paragraph,Latin,8.521,1
P10,AUTOCOMPASTE,paragraph,English,6.827,1
P10,TRADITIONAL,phrase,Latin,15.462,1
P10,TRADITIONAL,phrase,English,4.364,1
P10,TRADITIONAL,sentence,Latin,4.338,1
P10,TRADITIONAL,sentence,English,14.054,1
P10,TRADITIONAL,paragraph,Latin,3.66,1
P10,TRADITIONAL,paragraph,English,7.066,1
P10,AUTOCOMPASTE,phrase,Latin,12.7,1
P10,AUTOCOMPASTE,phrase,English,21.608,1
P10,AUTOCOMPASTE,sentence,Latin,7.948,1
P10,AUTOCOMPASTE,sentence,English,2.923,1
P10,AUTOCOMPASTE,paragraph,Latin,10.859,1
P10,AUTOCOMPASTE,paragraph,English,4.617,1
P10,TRADITIONAL,phrase,Latin,16.954,1
P10,TRADITIONAL,phrase,English,3.594,1
P10,TRADITIONAL,sentence,Latin,8.055,1
P10,TRADITIONAL,sentence,English,12.756,1
P10,TRADITIONAL,paragraph,Latin,7.355,1
P10,TRADITIONAL,paragraph,English,4.021,1
P10,AUTOCOMPASTE,phrase,Latin,12.51,1
P10,AUTOCOMPASTE,phrase,English,27.158,1
P10,AUTOCOMPASTE,sentence,Latin,6.773,1
P10,AUTOCOMPASTE,sentence,English,5.347,1
P10,AUTOCOMPASTE,paragraph,Latin,22.989,1
P10,AUTOCOMPASTE,paragraph,English,9.489,1
P11,TRADITIONAL,sentence,English,14.483,1
P11,TRADITIONAL,sentence,Latin,5.2,1
P11,TRADITIONAL,paragraph,English,8.308,1
P11,TRADITIONAL,paragraph,Latin,9.497,1
P11,TRADITIONAL,phrase,English,8.254,1
P11,TRADITIONAL,phrase,Latin,13.054,1
P11,AUTOCOMPASTE,sentence,English,17.55,1
P11,AUTOCOMPASTE,sentence,Latin,8.587,1
P11,AUTOCOMPASTE,paragraph,English,12.045,1
P11,AUTOCOMPASTE,paragraph,Latin,16.742,1
P11,AUTOCOMPASTE,phrase,English,8.003,0
P11,AUTOCOMPASTE,phrase,Latin,6.858,0
P11,TRADITIONAL,sentence,English,11.098,1
P11,TRADITIONAL,sentence,Latin,11.647,1
P11,TRADITIONAL,paragraph,English,8.936,1
P11,TRADITIONAL,paragraph,Latin,6.73,1
P11,TRADITIONAL,phrase,English,4.802,1
P11,TRADITIONAL,phrase,Latin,23.309,1
P11,AUTOCOMPASTE,sentence,English,28.883,1
P11,AUTOCOMPASTE,sentence,Latin,8.449,1
P11,AUTOCOMPASTE,paragraph,English,9.857,1
P11,AUTOCOMPASTE,paragraph,Latin,6.178,1
P11,AUTOCOMPASTE,phrase,English,10.642,0
P11,AUTOCOMPASTE,phrase,Latin,7.023,0
P11,TRADITIONAL,sentence,English,6.047,1
P11,TRADITIONAL,sentence,Latin,20.005,1
P11,TRADITIONAL,paragraph,English,19.162,1
P11,TRADITIONAL,paragraph,Latin,12.314,1
P11,TRADITIONAL,phrase,English,6.495,1
P11,TRADITIONAL,phrase,Latin,24.165,1
P11,AUTOCOMPASTE,sentence,English,41.302,1
P11,AUTOCOMPASTE,sentence,Latin,87.919,0
P11,AUTOCOMPASTE,paragraph,English,15.645,1
P11,AUTOCOMPASTE,paragraph,Latin,10.834,1
P11,AUTOCOMPASTE,phrase,English,23.223,0
P11,AUTOCOMPASTE,phrase,Latin,7.794,0
P11,TRADITIONAL,sentence,English,31.637,1
P11,TRADITIONAL,sentence,Latin,16.91,1
P11,TRADITIONAL,paragraph,English,8.568,1
P11,TRADITIONAL,paragraph,Latin,35.047,1
P11,TRADITIONAL,phrase,English,16.3,1
P11,TRADITIONAL,phrase,Latin,14.901,1
P11,AUTOCOMPASTE,sentence,English,6.778,1
P11,AUTOCOMPASTE,sentence,Latin,5.552,1
P11,AUTOCOMPASTE,paragraph,English,26.479,1
P11,AUTOCOMPASTE,paragraph,Latin,25.792,0
P11,AUTOCOMPASTE,phrase,English,9.723,0
P11,AUTOCOMPASTE,phrase,Latin,6.955,0
P11,TRADITIONAL,sentence,English,14.067,1
P11,TRADITIONAL,sentence,Latin,55.016,1
P11,TRADITIONAL,paragraph,English,4.434,1
P11,TRADITIONAL,paragraph,Latin,6.206,1
P11,TRADITIONAL,phrase,English,18.548,1
P11,TRADITIONAL,phrase,Latin,14.809,1
P11,AUTOCOMPASTE,sentence,English,4.657,1
P11,AUTOCOMPASTE,sentence,Latin,7.712,1
P11,AUTOCOMPASTE,paragraph,English,11.904,1
P11,AUTOCOMPASTE,paragraph,Latin,40.845,1
P11,AUTOCOMPASTE,phrase,English,25.883,1
P11,AUTOCOMPASTE,phrase,Latin,16.52,1
P11,TRADITIONAL,sentence,English,5.997,1
P11,TRADITIONAL,sentence,Latin,25.124,1
P11,TRADITIONAL,paragraph,English,8.641,1
P11,TRADITIONAL,paragraph,Latin,6.777,1
P11,TRADITIONAL,phrase,English,4.261,1
P11,TRADITIONAL,phrase,Latin,11.433,1
P11,AUTOCOMPASTE,sentence,English,6.069,1
P11,AUTOCOMPASTE,sentence,Latin,5.18,1
P11,AUTOCOMPASTE,paragraph,English,17.121,1
P11,AUTOCOMPASTE,paragraph,Latin,14.82,1
P11,AUTOCOMPASTE,phrase,English,12.842,1
P11,AUTOCOMPASTE,phrase,Latin,12.923,1